<?xml version='1.0' encoding='utf-8' standalone='yes' ?>
<map>
    <string name="prev_event_name">app_session_start</string>
    <long name="prev_event_timestamp" value="1761846814968" />
    <int name="appsFlyerInAppEventCount" value="5" />
    <long name="prev_session_dur" value="17" />
    <string name="afUninstallToken">eWIthaHyTtO3VcTvnz2c3O:APA91bGlrJm8d4vY011Wu33FR6REQewCDyFKXGIXSPJ50rxeUdCTiYqo9maO_NqvPf-0-cvzwz4uLJnW0-ZN1TD4zPEIFfeFS8_GVfr_oCeRXRT2g9Cb1vM</string>
    <long name="af_rc_max_age" value="86400" />
    <boolean name="ddl_sent" value="true" />
    <string name="sentSuccessfully">true</string>
    <string name="af_remote_config">eyJmZWF0dXJlcyI6e30sInZlciI6ImRlZmF1bHQudjEuMTYzNzE0OTUyOSJ9</string>
    <int name="versionCode" value="42" />
    <boolean name="sentRegisterRequestToAF" value="true" />
    <string name="savedProperties">{&quot;uid&quot;:&quot;1761568545196-2721722003395194971&quot;,&quot;oneLinkSlug&quot;:&quot;HRWp&quot;}</string>
    <string name="AF_INSTALLATION">1761568545196-2721722003395194971</string>
    <boolean name="afUninstallToken_queued" value="false" />
    <int name="appsFlyerCount" value="4" />
    <long name="af_rc_timestamp" value="1761846809784" />
    <long name="AppsFlyerTimePassedSincePrevLaunch" value="1761846811395" />
    <boolean name="newGPReferrerSent" value="true" />
    <string name="first_launch">{&quot;net&quot;:1164,&quot;from_fg&quot;:1060,&quot;start_with&quot;:&quot;application&quot;,&quot;init_to_fg&quot;:416}</string>
    <string name="appsFlyerFirstInstall">2025-10-27_180545+0530</string>
    <long name="afUninstallToken_received_time" value="1761568548309" />
    <string name="attributionId">{&quot;af_status&quot;:&quot;Organic&quot;,&quot;af_message&quot;:&quot;organic install&quot;,&quot;is_first_launch&quot;:false}</string>
</map>
