<?xml version='1.0' encoding='utf-8' standalone='yes' ?>
<map>
    <long name="fire-count" value="2" />
    <string name="last-used-date">2025-10-30</string>
    <long name="fire-global" value="1761568544544" />
    <set name="fire-cls/19.0.3 fire-installations/18.0.0 fire-auth/23.0.0 device-model/158b180d41ca4459 device-name/9bd7e99d8813674c android-min-sdk/23 fire-rc/22.0.0 fire-abt/21.1.1 fire-android/33 kotlin/2.1.20 android-installer/com.android.vending fire-core/21.0.0 fire-perf/21.0.1 fire-core-ktx/21.0.0 fire-analytics/22.1.0 android-platform/ fire-fcm/24.0.1 fire-sessions/2.0.3 android-target-sdk/27 device-brand/29fc3a95128cd924 fire-transport/19.0.0">
        <string>2025-10-27</string>
    </set>
    <set name="fire-cls/19.0.3 fire-installations/18.0.0 fire-auth/23.0.0 device-model/158b180d41ca4459 device-name/9bd7e99d8813674c fire-rc/22.0.0 android-min-sdk/23 fire-abt/21.1.1 kotlin/2.1.20 android-installer/com.android.vending fire-core/21.0.0 fire-android/30 fire-core-ktx/21.0.0 fire-perf/21.0.1 fire-analytics/22.1.0 android-platform/ fire-fcm/24.0.1 fire-sessions/2.0.3 device-brand/29fc3a95128cd924 fire-transport/19.0.0 android-target-sdk/33">
        <string>2025-10-30</string>
    </set>
</map>
