{"configs_key":{"DOWNLOADS_ENABLED":"true","FALLBACK_BASE_URL":"api.pocketfm.com","admin_uids":"[\"974d008c6e6f3ccc8f4b7947977c9235fced8d4d\",\"dd8fbb02ba6797c9eacc4d356fc8e1d48ca0a614\",\"e33b3de906528928df539797e6e21acbcb36f8eb\",\"f7591b2bb66488acc902d5be3f83192347a5fbd7\",\"fd884994a829df63c6062ffc68b1adeacd02fa8e\",\"b8862512fb887ac6e33531e6af0c0de8a4632fa8\",\"234e720a9dc843f7f15ea39f65c60c9e2260db95\",\"d1aac315097da561da7c92f057a7342f6cccc36f\",\"0f2cef63faaa7732d683d7933b2fc55a59e317bd\",\"d1aac315097da561da7c92f057a7342f6cccc36f\",\"4e2f597675c9a694e09a6c07bba685166682ecde\",\"115f191c0a2e7e71a10ca239f8065ecf75741600\",\"cc8662dbaede7a1cb626998c37c1af62b651bf59\",\"3908f0b166e4cc552cee9a02a3d1e55d7c59719a\",\"addf0734cfea5f03651677f70c3d89624e5b4e10\",\"3612afc1fc2140684f3c47c8f101bc09368f784b\",\"5f7eca75b50c46f220135f8090395024f110a3f4\",\"a375f682d6e0f6b8caa934147408394314368ba2\",\"cf0fd71774cea297ec775cb512d5e9a6ee7e0532\",\"bea76f83841afae12448ea8fd8c6724d8974ccb5\",\"e48b843383a913409a4df4b5139ebfd40c87b2b6\",\"72d4495725169433b74afc73e3682b23a069c327\",\"9e2a21fe5ccddad3f271621a40af82a4f6366909\",\"38f451f352bd372451b3990eb6d4febc9bf51b87\",\"34c3246afffcf8d252355e1a785ebe78b21cdaf1\",\"2f654633b609a02319dc0cfe884cfd87f2012c60\",\"86e3948d790ec52194f1ec7dcce2aac874353f36\",\"bb03b9321875a681af46f649cc82b7d5161ce75f\",\"0d38e62e0a3c5588644979757287230feaa8b7df\",\"ad7dd7a176690d8f8800aad03d1f6788be67253d\",\"78d2a96295eff35ff4b1fc613bd0a70403071c7c\",\"ad7dd7a176690d8f8800aad03d1f6788be67253d\",\"a3633567851ce3add49883c7c62d2fa9fdbb74c2\",\"2e7029c0d995acfc7be198785f49d4052e8fc853\",\"4bbd14199ae31ef8eb0b094fca4baf6f2c2cb7a4\",\"007cb684efa619c4238bcde70298aea52fe06101\",\"0f6c66908b0d699113485c80d3e77b6ba87c4504\",\"5b02d69471de661aa9fbe1e00393a944f5dfaea9\",\"9c5ed957085b7e42d8b31c1ac94a4ab5596b0ada\",\"8b0030020aa04cd345c8c10e3b023dbae57ea3eb\",\"efa65744d1f4ae7253c642ba34f0d91ae5dc7255\",\"d095506d140164f2c0b44da47b0b45bae37510d8\",\"8533411be502b9211ffe3973a24eb8163a058e01\",\"d186a44b67064a680aa14df053ab8defd14620c7\",\"4c7e2efbe4a8013bc3d703bb947867d1907a19cf\",\"05781de94ca3ae54090be07dbbe74b332aec5763\",\"407885e1dfe5d6edc94d3a68a4f7b906564d885a\",\"447a610ef3672d5c8c205bb6c94914c1388f87e1\",\"1b18727b0f988803c798f7483ba7f32222e3730b\",\"d361bd4da5a6f25228b58502b5a6732041c0e7fd\",\"28a49e1881e3400c1beabaf93517bb5534ace170\",\"94e37d1bf5779a14880e08118a156107e1a6e95e\",\"c2bb3a25ddd0891a5510ab053afcc42e8c9a143f\",\"901d07dff59ec4bf0455225f707a0394b657561e\",\"a619c1aa90e9f8924e148afdf6d0d96aff29e24b\",\"686170a431fc2c3a78027ce4b23e73b2dd8a6f45\",\"6542afa5b202f89c53011e3878a3e1ca268087bc\",\"24f2dd48c98f6c545e99a3e395576fede1554a0d\",\"83f5a69699e8d79307554dd7faaeec1202001a93\",\"440fba93987e55616fcb3855b4562847851a07a7\",\"b54a6a3817072bb586404f0322d1b61ff47c16cc\",\"8c8164c465286cfc2e18d355e50b2f9d81047aea\",\"24f2dd48c98f6c545e99a3e395576fede1554a0d\",\"fe9241154fa293b46231bc6c512a895bc02dd759\",\"3e3b14dda08a5f78b4877977571c073f2a2e9c7c\",\"b924729c9f963bd9f55b5dd0c87574fc4f4239f2\",\"6faad481269cb9371482b6b8bb2f3e98acfd6a0d\",\"a876d8b693d733757ea35844c6d45461055b22d8\",\"363fc92547b57c38756da723e1ab9323cd491d32\",\"c7722aca039d70ae0efa62861ea7bbdee4b87af4\",\"14b936a1709174d98294679e9611fa2456bb0d94\",\"1e897aa3490ab66ab55a2c7ee67d82617dbe0aa3\",\"8D602983-F72B-4A33-988D-0727626A1F02\",\"9ebb4310f6ca168a20dba9ad231b704cc2ec8be0\",\"84a4c94c5f4e4dce1b044677e6a12d50c1333134\",\"ac6d282cb3bf653411d89d7a1c6676fa07817702\"]","ads_sdk_init_after_delay_in_sec":"0","allowed_list_of_ad_event_types":"[\"onAdImpression\",\"onUserEarnedReward\"]","allowed_map_of_ad_event_types":"{\"image\":{\"firebase\":[],\"athena\":[\"isAdEligibleRequest\"]},\"offer_wall\":{\"firebase\":[\"ow_status\"],\"athena\":[\"ow_status\"]},\"DEBUG\":{\"firebase\":[\"rv_response_validator\",\"adPrefetchResponded\",\"adClickToLoadTime\",\"onFallbackAdAttempted\",\"on_ad_manual_back_event\",\"on_ad_auto_back_event\",\"adInCacheButNotReady\",\"dfm_sanity\",\"instream_content_pause\",\"instream_content_resume\",\"instream_ad_completed\",\"instream_all_ads_completed\",\"media_item_changed\"],\"athena\":[\"onAdAttempted\",\"rv_response_validator\",\"onAdImpression\",\"onAdLoaded\",\"onAdBlocked\",\"onAdFailedToLoad\",\"onUserEarnerReward\",\"adPrefetchResponded\",\"adClickToLoadTime\",\"onFallbackAdAttempted\",\"on_ad_manual_back_event\",\"on_ad_auto_back_event\",\"NATIVE_PREFETCH\",\"adInCacheButNotReady\",\"onAdAttempted\",\"BannerAdLoadTime\",\"isAdEligibleRequest\"]},\"INTERNAL\":{\"firebase\":[\"NATIVE_PREFETCH\"],\"athena\":[\"onAdInit\",\"onAdImpression\",\"onAdLoaded\",\"onAdBlocked\",\"onAdFailedToLoad\",\"onFallbackAdAttempted\",\"NATIVE_PREFETCH\"]},\"BANNER\":{\"firebase\":[\"NATIVE_PREFETCH\"],\"athena\":[\"onAdInit\",\"onAdImpression\",\"onAdLoaded\",\"onAdBlocked\",\"onAdFailedToLoad\",\"onFallbackAdAttempted\",\"onAdClicked\",\"BannerAdLoadTime\",\"isAdEligibleRequest\",\"NATIVE_PREFETCH\"]},\"NATIVE\":{\"firebase\":[\"NATIVE_PREFETCH\"],\"athena\":[\"onAdInit\",\"onAdImpression\",\"onAdLoaded\",\"onAdBlocked\",\"onAdFailedToLoad\",\"onFallbackAdAttempted\",\"onAdClicked\",\"BannerAdLoadTime\",\"NATIVE_PREFETCH\"]},\"COMBINED_DISPLAY_AD\":{\"firebase\":[\"NATIVE_PREFETCH\"],\"athena\":[\"onAdInit\",\"onAdImpression\",\"onAdLoaded\",\"onAdClicked\",\"BannerAdLoadTime\",\"onAdBlocked\",\"onAdFailedToLoad\",\"onFallbackAdAttempted\",\"NATIVE_PREFETCH\"]},\"REWARDED_VIDEO\":{\"firebase\":[\"adPrefetchResponded\",\"adClickToLoadTime\",\"onFallbackAdAttempted\",\"on_ad_manual_back_event\",\"on_ad_auto_back_event\",\"on_ad_load_timeout\",\"adInCacheButNotReady\"],\"athena\":[\"onAdAttempted\",\"onAdInit\",\"onAdLoaded\",\"onAdImpression\",\"onAdBlocked\",\"onAdFailedToLoad\",\"onUserEarnedReward\",\"adPrefetchResponded\",\"adClickToLoadTime\",\"onFallbackAdAttempted\",\"on_ad_manual_back_event\",\"on_ad_auto_back_event\",\"on_ad_load_timeout\",\"adInCacheButNotReady\",\"onAdAttempted\"]},\"INTERSTITIAL\":{\"firebase\":[\"adPrefetchResponded\",\"adClickToLoadTime\",\"onFallbackAdAttempted\",\"on_ad_manual_back_event\",\"on_ad_auto_back_event\",\"on_ad_load_timeout\",\"adInCacheButNotReady\"],\"athena\":[\"onAdAttempted\",\"onAdInit\",\"onAdLoaded\",\"onAdImpression\",\"onAdBlocked\",\"onAdFailedToLoad\",\"onUserEarnedReward\",\"adPrefetchResponded\",\"adClickToLoadTime\",\"onFallbackAdAttempted\",\"on_ad_manual_back_event\",\"on_ad_auto_back_event\",\"on_ad_load_timeout\",\"adInCacheButNotReady\",\"onAdAttempted\"]},\"REWARDED_INTERSTITIAL\":{\"firebase\":[\"adPrefetchResponded\",\"adClickToLoadTime\",\"onFallbackAdAttempted\",\"on_ad_manual_back_event\",\"on_ad_auto_back_event\",\"on_ad_load_timeout\",\"adInCacheButNotReady\"],\"athena\":[\"onAdAttempted\",\"onAdInit\",\"onAdLoaded\",\"onAdImpression\",\"onAdBlocked\",\"onAdFailedToLoad\",\"onUserEarnedReward\",\"adPrefetchResponded\",\"adClickToLoadTime\",\"onFallbackAdAttempted\",\"on_ad_manual_back_event\",\"on_ad_auto_back_event\",\"on_ad_load_timeout\",\"adInCacheButNotReady\",\"onAdAttempted\"]}}","always_start_in_foreground":"true","app_languages":"{ \t\"heading\": \"Select preferred app language\", \t\"subheading\": \"Text on the app will be in your preferred language\", \t\"languages\": [{ \t\t\t\"vis_title\": \"English\", \t\t\t\"title\": \"English\", \t\t\t\"language_code\": \"en\" \t\t}, { \t\t\t\"vis_title\": \"Spanis\", \t\t\t\"title\": \"Spanis\", \t\t\t\"language_code\": \"es-US\" \t\t}] }","app_maintenance_btn_text":"Retry","app_maintenance_desc":"Don’t worry, we’re working on it. Come back after some time to use the app.","app_maintenance_enabled":"false","app_maintenance_icon":"","app_maintenance_title":"Looks like something is wrong","app_not_opening_fix_timeout":"5000","app_not_opening_fix_timeout_v2":"5","app_service_down_data":"{\"title\":\"We are making things better for you\",\"message\":\"The app is under maintenance. We will let you know as soon as we are back.\",\"imageUrl\":\"https:\/\/djhonz7dexnot.cloudfront.net\/dadd65cd4ace6856d7a3e9f349418448570427b5.webp\"}","app_stores":"[\"com.android.vending\"]","attach_ima_ad_container":"true","audio_status_disable":"true","audio_status_tab_index":"1","audiobook_4hours_duration_threshold":"14400","audiobook_activated_duration_threshold":"3600","audiobook_popup_completed_text":"Share that you just finished this book.","audiobook_popup_congratulation_text":"Congratulations","audiobook_popup_finished_text":"Audiobook Finished!","audiobook_popup_share_text":"SHARE WITH FRIENDS","authV2_need_tokenRefresh_on_launch_ios":"true","auth_refresh_scheduler_time":"10","auth_refresh_time_before_api_check":"5","auth_refresh_work_manager_time":"240","auth_v2_access_token_refresh_time_ios":"300","auth_v2_access_token_refresh_time_ios_second_try":"600","autoplay_show_interstitial":"true","back_button_disabled_for_ima_ads":"false","batch_events_ios":"{\"batchSize\": 2, \"batchSizeUserEvents\": 4, \"batchIdleTime\": 60}","batch_idle_time":"60","batch_size":"6","battery_saver_mode_feature_enabled":"true","break_story_enabled":"true","bulk_download_fragment_fallback":"false","byteplus_player_state_completed_duration_0_check":"true","cast_enabled":"false","client_dns":"false","client_dns_v2":"true","compress_story_image":"true","contest_image":"http:\/\/djhonz7dexnot.cloudfront.net\/graphics\/dj_shayari_contest_rules_1.png","cover_images":"[   \"http:\/\/djhonz7dexnot.cloudfront.net\/usercoverimage1.webp\",   \"http:\/\/djhonz7dexnot.cloudfront.net\/usercoverimage2.webp\",   \"http:\/\/djhonz7dexnot.cloudfront.net\/usercoverimage3.webp\",   \"http:\/\/djhonz7dexnot.cloudfront.net\/usercoverimage4.webp\",   \"http:\/\/djhonz7dexnot.cloudfront.net\/usercoverimage5.webp\",   \"http:\/\/djhonz7dexnot.cloudfront.net\/usercoverimage6.webp\",   \"http:\/\/djhonz7dexnot.cloudfront.net\/usercoverimage7.webp\",   \"http:\/\/djhonz7dexnot.cloudfront.net\/usercoverimage8.webp\",   \"http:\/\/djhonz7dexnot.cloudfront.net\/usercoverimage9.webp\",   \"http:\/\/djhonz7dexnot.cloudfront.net\/usercoverimage10.webp\" ]","daily_schedule_intra_flow_enabled":"false","daily_schedule_unlock_count_threshold":"5","data_sell_opt_out_form_link":"https:\/\/forms.gle\/z3BdrSERKeHHSSzC9","default_content_ln":"en","default_reel_player_options":"LIKE,SHARE,ADD_LIBRARY,EPISODES","default_tab_in_show_detail":"0","default_upload_image":"http:\/\/djhonz7dexnot.cloudfront.net\/loggedoutprofileimage.webp","delete_account_form_link":"https:\/\/forms.gle\/ubqHhaiSFZdw8zDC7","detach_surface_timeout_duration":"3000","detect_screen_lock":"false","direct_player_open":"false","direct_show_play":"true","direct_show_play_ab":"false","disable_crashlytics_side_load_apps":"true","do_not_show_skip":"false","dob_in_fill_detail":"false","enable_ad_quality_sdk":"false","enable_auto_play_logging":"true","enable_cache_control":"true","enable_detach_surface_timeout":"true","enable_episode_caching":"true","enable_event_duplicasy_check":"true","enable_new_reel_player":"true","enable_player_caching":"false","enable_retry_media_item_null":"false","enable_smartLook":"false","enable_smart_cache":"true","enabled_countries_for_multi_profile":"[\"IN\",\"US\"]","events_not_to_log_on_firebase":"[\"onAdInit\", \"onAdClicked\"]","exo_cache_size":"175","explore_tab_index":"1","facebook_blocked_params":"[\"user_phone\",\"user_email\",\"ip\",\"dob\",\"installer_package\"]","fallback_ip_exception":"[\"okhttp3.internal.http2.StreamResetException\"]","fallback_ip_version_2":"false","fallback_on_splash":"true","feed_ab":"story_first","firebase_allowded_event_list_ios":"notification_received, player_progress_0, app_session_start, dns_api_failure, first_install, screen_load, payment_started, alternate_payment_selected, payment_completed, purchase_success, listen_15_min, purchase_success_dolphin, show_20_minutes_listened, two_shows_listened, listen_30_min, audiobook_listen_4hr, level_achieved, payment_successful, purchase_success_whale, purchase_success_age_L, payment_failed, purchase_success_male, payment_method_initiated, re_install_purchase_success, female_first_open, re_install_level_acheived, payment_tracking, purchase_cancelled, purchase_failed, payment_method_visited, vip_payment_started, initiate_checkout, payment_failed_internal, purchase_success_sub, search_click, payment_pending, search_results, level_achieved_40, first_time_whale, payment_success_male_age25_did, payment_completed_male_age25_did, second_transaction_d7_did, third_transaction_d7_uid, purchase_success_non_trial_uid, payment_completed_female_age25_did, purchase_success_age_25_100","firebase_allowed_events_list":"[   \"notification_received\",   \"player_progress_0\",   \"app_session_start\",   \"dns_api_failure\",   \"first_install\",   \"screen_load\",   \"payment_started\",   \"alternate_payment_selected\",   \"payment_completed\",   \"purchase_success\",   \"listen_15_min\",   \"purchase_success_dolphin\",   \"show_20_minutes_listened\",   \"two_shows_listened\",   \"listen_30_min\",   \"audiobook_listen_4hr\",   \"level_achieved\",   \"payment_successful\",   \"purchase_success_whale\",   \"purchase_success_age_L\",   \"payment_failed\",   \"purchase_success_male\",   \"payment_method_initiated\",   \"re_install_purchase_success\",   \"female_first_open\",   \"re_install_level_acheived\",   \"payment_tracking\",   \"purchase_cancelled\",   \"purchase_failed\",   \"payment_method_visited\",   \"vip_payment_started\",   \"initiate_checkout\",   \"payment_failed_internal\",   \"purchase_success_sub\",   \"search_click\",   \"payment_pending\",   \"search_results\",   \"level_achieved_40\",   \"first_time_whale\",   \"payment_success_male_age25_did\",   \"payment_completed_male_age25_did\",   \"second_transaction_d7_did\",   \"third_transaction_d7_uid\",   \"purchase_success_non_trial_uid\",   \"payment_completed_female_age25_did\",   \"purchase_success_age_25_100\",   \"purchase_2nd_transaction\",   \"purchase_3rd_transaction\",   \"purchase_4th_transaction\",   \"purchase\",   \"subscribe\",   \"free_trial\",   \"qualified_ft_all_purchase\",   \"purchase_d0\",   \"purchase_duplicate\" ]","firebase_param_trimmed_events_list":"[\n  \"purchase_success\",\n  \"payment_completed\",\n  \"purchase_success_dolphin\",\n  \"payment_successful\",\n  \"purchase_success_whale\",\n  \"purchase_success_age_L\",\n  \"purchase_success_male\",\n  \"purchase_success_sub\",\n  \"payment_success_male_age25_did\",\n  \"payment_completed_male_age25_did\",\n  \"second_transaction_d7_did\",\n  \"third_transaction_d7_uid\",\n  \"purchase_success_non_trial_uid\",\n  \"payment_completed_female_age25_did\"\n]","firebase_param_trimming_needed_ios":"purchase_success, payment_completed, purchase_success_dolphin, payment_successful, purchase_success_whale, purchase_success_age_L, purchase_success_male, purchase_success_sub, payment_success_male_age25_did, payment_completed_male_age25_did","firebase_permitted_param_ios":"value, currency, order_id, user_deviceId, uid, af_revenue, af_currency","firebase_permitted_params_list":"[\n  \"value\",\n  \"currency\",\n  \"order_id\",\n  \"user_deviceId\",\n  \"uid\",\n  \"af_revenue\",\n  \"af_currency\"\n]","flag_show_subtitles":"false","flag_to_disable_internal_ad_worker":"true","flag_to_enable_ui_update":"true","flexible_update_min_priority":"2","flexible_update_min_version":"910","flutter_ugc":"true","fm_can_fallback_to_ips":"false","fm_fallback_ips":"[{\"fallback_ip\": \"13.251.223.50\"}, {\"fallback_ip\": \"13.250.175.254\"}, {\"fallback_ip\": \"13.215.27.43\"}, {\"fallback_ip\": \"3.1.29.152\"}]","force_low_res_video_bg":"true","full_screen_rating_header_image_novel_female":"http:\/\/djhonz7dexnot.cloudfront.net\/thanks_for_reading_female.png","full_screen_rating_header_image_novel_male":"http:\/\/djhonz7dexnot.cloudfront.net\/thanks_for_reading_male.png","full_scren_rating_header_image_female":"http:\/\/djhonz7dexnot.cloudfront.net\/thanks_for_listening_female.webp","full_scren_rating_header_image_male":"http:\/\/djhonz7dexnot.cloudfront.net\/thanks_for_listening_male.webp","gift_in_player":"false","handle_player_notification_manually":"true","headphone_experiment_full_blocked":"false","immediate_update_min_priority":"4","immediate_update_min_version":"910","impression_event_visibility_threshold":"0","impression_record_time":"1000","impression_tracking_enable":"false","impression_tracking_enable_v52_onwards":"true","in_app_update_min_version":"41","in_player_rating_text":"If you liked this story, Please give us 5 stars.","inc_play_events":"false","inf_list":"[\"e33b3de906528928df539797e6e21acbcb36f8eb\", \"8fd45ef4538767a656d8b7fe5a62f1413a733fc3\", \"2a5a3957817c61b5f204e5d67a6968af4430f810\"]","install_referrer_sdk_init_delay":"1","interstitial_ep_count":"5","ios_episode_unlock_toast_message":"Low coin balance! You need %d more coins to unlock your episodes. Buy more coins now.","isUploadContestLive":"false","is_app_service_down":"false","is_auto_play_enabled":"true","is_badge_enabled_in_my_library_tab":"true","is_bureau_enabled":"true","is_client_controlled_limited_experience_allowed":"true","is_community_in_show_enabled":"false","is_daily_schedule_unlock_enable":"false","is_data_dog_enabled":"false","is_dns_resolver_enabled":"true","is_fan_feature_enabled":"true","is_faq_enabled":"true","is_guided_tour_enabled":"true","is_headphone_required_experiment_enabled":"false","is_in_player_rating_enabled":"true","is_ios_app_maintenance_enabled":"false","is_limited_experience_allowed":"true","is_new_db_flow_enabled_from_config":"true","is_onboarding_video_screen_enabled":"false","is_prime_enabled":"false","is_schedule_category_first":"false","is_web_share_enabled":"false","itermediate_login_default_image":"http:\/\/djhonz7dexnot.cloudfront.net\/save_progress_illustration_hindi.webp","itermediate_login_screen_hour_span":"24","juspay_available_locales":"[\"IN\"]","jwt_tokenization_flow_enabled":"true","license_retry_config":"{\"count\":3,\"interval\":5000}","local_notif_repeat_interval":"6","local_reco_notif_disable":"true","locale_refresh_interval":"120","log_device_env_info":"false","log_device_env_info_v2":"false ","log_instream_ads_issue_check_event":"true","log_marketing_events":"false","log_network_speed":"false","login_onboarding_image":"","login_options":"{\"IN\":[\"phone_number\",\"skip\"],\"default\":[\"email\",\"google\",\"skip\"]}","max_video_res":"{\"h\":720, \"w\": 720}","max_video_res_option":"{\"h\":1920, \"w\": 1080}","meta_sdk_allowed_events_list":"[\"fb_mobile_add_to_cart\",\"fb_mobile_activate_app\",\"fb_mobile_content_view\",\"fb_mobile_request_deferred_deep_link\",\"app_session_start\",\"fb_sdk_initialize\",\"fb_mobile_complete_registration\",\"fb_mobile_first_app_launch\",\"fb_mobile_purchase\",\"audiobook_activated\",\"purchase_success\",\"fb_mobile_install\",\"audiobook_listen_4hr\",\"reinstalled_user_login_successful\",\"hindi_language_selection\",\"install_referrer\",\"female_first_open\",\"apps_flyer_attributes\",\"day_7_retention\",\"mobile_app_install\",\"tamil_language_selection\",\"malayalam_language_selection\",\"english_language_selection\",\"telugu_language_selection\",\"user_preference_change\",\"kannada_language_selection\",\"fb_mobile_purchase_failed\",\"bengali_language_selection\",\"marathi_language_selection\",\"audiobook_completed\",\"fb_mobile_deactivate_app\",\"purchase_success_whale\",\"purchase_success_female\",\"coin_spent\",\"20_hours_listened\",\"%s_language_selection\",\"purchase_success_super_whale\",\"purchase_success_age_25_100\"]","min_checked_topics":"3","min_foreground_video_res":"{\"h\":640, \"w\": 640}","min_version_ios":"0.7","min_video_res":"{\"h\":144, \"w\": 144}","mux_stats_enabled":"false","mux_stats_enabled_ios":"false","my_library_first":"0","notification_events_fireback_time_max":"60","number_login_enabled":"true","onb_topics":"[]","onboarding_flow_spec":"1","onboarding_flow_specv253":"1","onboarding_flow_specv255":"1","phone_number_limit":"{   \"IN\": \"10\",   \"default\": \"15\" }","play_event_batch_size":"2","play_inc_ratio":"0","player_progress_event_count_for_content_view_event":"300","player_re_prepare_delay_time":"5","plays_over_creator_in_feed":"true","popular_feed_config_by_language":"[\n  {\n    \"language\": \"bengali\",\n    \"tab_config\": [\n      {\n        \"tab_title\": \"Overall\",\n        \"topic_id\": \"bf33ba42ff7cc10c56079fcf78f00016bee0152d\",\n        \"callType\": \"topic\"\n      },\n      {\n        \"tab_title\": \"Romantic\",\n        \"topic_id\": \"bengali_romantic_cluster_id\",\n        \"callType\": \"topic\"\n      },\n      {\n        \"topic_id\": \"bengali_thriller_cluster_id\",\n        \"tab_title\": \"Thriller\",\n        \"callType\": \"topic\"\n      }\n    ]\n  },\n  {\n    \"language\": \"tamil\",\n    \"tab_config\": [\n      {\n        \"tab_title\": \"Overall\",\n        \"topic_id\": \"349176de48be18e8393aab288ce8564721c6f578\",\n        \"callType\": \"topic\"\n      },\n      {\n        \"tab_title\": \"Romantic\",\n        \"topic_id\": \"tamil_romantic_cluster_id\",\n        \"callType\": \"topic\"\n      },\n      {\n        \"tab_title\": \"Thriller\",\n        \"topic_id\": \"tamil_thriller_cluster_id\",\n        \"callType\": \"topic\"\n      }\n    ]\n  },\n  {\n    \"language\": \"hindi\",\n    \"tab_config\": [\n      {\n        \"tab_title\": \"Overall\",\n        \"topic_id\": \"b71216c05fa0ac8f6f903af7d1600fcc69a297b8\",\n        \"callType\": \"topic\"\n      },\n      {\n        \"tab_title\": \"Romantic\",\n        \"topic_id\": \"romantic_cluster_id\",\n        \"callType\": \"topic\"\n      },\n      {\n        \"tab_title\": \"Thriller\",\n        \"topic_id\": \"thriller_cluster_id\",\n        \"callType\": \"topic\"\n      },\n      {\n        \"tab_title\": \"Self-Help\",\n        \"topic_id\": \"self_help_cluster_id\",\n        \"callType\": \"topic\"\n      }\n    ]\n  },\n  {\n    \"language\": \"english\",\n    \"tab_config\": [\n      {\n        \"topic_id\": \"d79a4750949835a163280466f746a82f4e887a92\",\n        \"tab_title\": \"Overall\",\n        \"callType\": \"topic\"\n      },\n      {\n        \"topic_id\": \"ed25fa675de85d49d130341c31909f4cc303abf8\",\n        \"tab_title\": \"Romantic\",\n        \"callType\": \"topic\"\n      },\n      {\n        \"topic_id\": \"988c93fdc7f1777d7b9af2bed33ae89054ecf905\",\n        \"tab_title\": \"Podcasts\",\n        \"callType\": \"topic\"\n      }\n    ]\n  }\n]","popular_feed_config_by_language_novel":"[\n  {\n    \"language\": \"hindi\",\n    \"tab_config\": [\n      {\n        'tab_title': 'Pocket',\n        'topic_id': '0',\n        'icon_url': 'http:\/\/djhonz7dexnot.cloudfront.net\/pocket_top_50_circle_image.webp',\n        'leaderboard_image': 'http:\/\/djhonz7dexnot.cloudfront.net\/shows_leaderboard_image.webp',\n        \"callType\": \"topic\"\n      },\n      {\n        'tab_title': 'Romantic',\n        'topic_id': 'ed41467b4c0870a67cf8a8849b9ef73885599c63',\n        'icon_url': 'http:\/\/djhonz7dexnot.cloudfront.net\/romantic_top_50_circle_image.webp',\n        'leaderboard_image': 'http:\/\/djhonz7dexnot.cloudfront.net\/bannerromanticfifty.webp',\n        \"callType\": \"topic\"\n      },\n      {\n        'tab_title': 'Suspense and Thriller',\n        'topic_id': 'c85fd5b41284966384d9b428212df112df696302',\n        'icon_url': 'http:\/\/djhonz7dexnot.cloudfront.net\/thriller_top_50_circle_image.webp',\n        'leaderboard_image': 'http:\/\/djhonz7dexnot.cloudfront.net\/bannerthrillerfifty.webp',\n        \"callType\": \"topic\"\n      },\n      {\n        'tab_title': 'Trending',\n        'topic_id': '1',\n        'icon_url': 'https:\/\/djhonz7dexnot.cloudfront.net\/0f82d4a61ed2bf9715fcf936aa0f7787fbbab517.webp',\n        'leaderboard_image': 'https:\/\/djhonz7dexnot.cloudfront.net\/2fd5656b251d54507c36d5030c50b2bd8b6c5baf.jpg',\n        \"callType\": \"topic\"\n      }\n    ]\n  },\n  {\n    \"language\": \"english\",\n    \"tab_config\": [\n      {\n        'tab_title': 'Pocket',\n        'topic_id': '0',\n        'icon_url': 'http:\/\/djhonz7dexnot.cloudfront.net\/pocket_top_50_circle_image.webp',\n        'leaderboard_image': 'http:\/\/djhonz7dexnot.cloudfront.net\/shows_leaderboard_image.webp',\n        \"callType\": \"topic\"\n      },\n      {\n        'tab_title': 'Romantic',\n        'topic_id': '7ae626f7d428b85bfbe09b0cca10b9f391c16eea',\n        'icon_url': 'http:\/\/djhonz7dexnot.cloudfront.net\/romantic_top_50_circle_image.webp',\n        'leaderboard_image': 'http:\/\/djhonz7dexnot.cloudfront.net\/bannerromanticfifty.webp',\n        \"callType\": \"topic\"\n      },\n      {\n        'tab_title': 'Suspense and Thriller',\n        'topic_id': 'f52b29256db53d92b2c1f309d7d76c1260383b87',\n        'icon_url': 'http:\/\/djhonz7dexnot.cloudfront.net\/thriller_top_50_circle_image.webp',\n        'leaderboard_image': 'http:\/\/djhonz7dexnot.cloudfront.net\/bannerthrillerfifty.webp',\n        \"callType\": \"topic\"\n      }\n    ]\n  }\n]","preparing_feed_popup_duration":"2500","rating_enable_story_count":"8","rating_enable_story_count_repeated":"true","rating_popup_cycles_limit":"7","referral_prime_share_image":"http:\/\/djhonz7dexnot.cloudfront.net\/prime_share_image.webp","referral_prime_share_text":"Click on my referral link below & install Pocket FM App","refresh_interval_for_new_show_popup":"24","region_based_delete_account_form_link":"{\"default\":\"https:\/\/forms.gle\/rNoLiBq9EFEeHBmu5\",\"IN\":\"https:\/\/forms.gle\/PKxbLSy3ERrgdrLs8\"}","related_story_ab":"true","related_story_algo_ab":"word2vec_and_als_filtered","required_version_ios":"0.8","schedule_maker_flow_enabled":"false","search_character_limit":"140","share_to_whatsapp_text":"","share_video":"true","short_story_time_limit":"15","should_allow_aps_prefetch":"true","should_allow_instream_ads_preload":"true","should_encrypt_downloads":"false","should_execute_batch_events_and_downloads_in_background_queue":"true","should_execute_batch_events_in_loop":"true","should_force_advance_web_view_resuming":"false","should_ignore_age_check":"true","should_ignore_age_check_ios":"true","should_initialise_player_on_bg":"true","should_send_facebook_custom_conversion_events":"true","should_show_rv_discount_communication":"true","should_track_revenue":"true","should_trigger_gdpr":"false","should_trigger_gdpr_threshold_time":"30","should_use_local_rv_config":"true","show_rating_hex_map":"{\"0.0\": \"#7E0100\",\"1.0\": \"#7E0100\", \"1.1\": \"#880100\", \"1.2\": \"#910100\", \"1.3\": \"#9C0100\", \"1.4\": \"#A70000\", \"1.5\": \"#B10000\", \"1.6\": \"#BC0000\", \"1.7\": \"#C70001\", \"1.8\": \"#D20001\", \"1.9\": \"#DC0001\", \"2.0\": \"#E70001\", \"2.1\": \"#EB0806\", \"2.2\": \"#EF1B11\", \"2.3\": \"#F32D1C\", \"2.4\": \"#F64229\", \"2.5\": \"#FA5534\", \"2.6\": \"#FE6B41\", \"2.7\": \"#FE773C\", \"2.8\": \"#FC8234\", \"2.9\": \"#FB8B2D\", \"3.0\": \"#FA9626\", \"3.1\": \"#F69922\", \"3.2\": \"#EB9B1B\", \"3.3\": \"#DF9D14\", \"3.4\": \"#D39F0E\", \"3.5\": \"#C7A107\", \"3.6\": \"#B8A509\", \"3.7\": \"#A9AA0A\", \"3.8\": \"#9AAF0C\", \"3.9\": \"#8CB40E\", \"4.0\": \"#7BB910\", \"4.1\": \"#75B711\", \"4.2\": \"#68AD14\", \"4.3\": \"#5CA516\", \"4.4\": \"#4F9B19\", \"4.5\": \"#42911C\", \"4.6\": \"#36881F\", \"4.7\": \"#297E22\", \"4.8\": \"#1C7524\", \"4.9\": \"#106C27\", \"5.0\": \"#0D6629\"}","show_rating_hex_mapv2":"{\"0.0\": \"#7E0100\",\"1.0\": \"#7E0100\", \"1.1\": \"#880100\", \"1.2\": \"#910100\", \"1.3\": \"#9C0100\", \"1.4\": \"#A70000\", \"1.5\": \"#B10000\", \"1.6\": \"#BC0000\", \"1.7\": \"#C70001\", \"1.8\": \"#D20001\", \"1.9\": \"#DC0001\", \"2.0\": \"#E70001\", \"2.1\": \"#EB0806\", \"2.2\": \"#EF1B11\", \"2.3\": \"#F32D1C\", \"2.4\": \"#F64229\", \"2.5\": \"#FA5534\", \"2.6\": \"#FE6B41\", \"2.7\": \"#FE773C\", \"2.8\": \"#FC8234\", \"2.9\": \"#FB8B2D\", \"3.0\": \"#FA9626\", \"3.1\": \"#F69922\", \"3.2\": \"#EB9B1B\", \"3.3\": \"#DF9D14\", \"3.4\": \"#D39F0E\", \"3.5\": \"#C7A107\", \"3.6\": \"#B8A509\", \"3.7\": \"#A9AA0A\", \"3.8\": \"#9AAF0C\", \"3.9\": \"#8CB40E\", \"4.0\": \"#7BB910\", \"4.1\": \"#75B711\", \"4.2\": \"#68AD14\", \"4.3\": \"#5CA516\", \"4.4\": \"#4F9B19\", \"4.5\": \"#42911C\", \"4.6\": \"#36881F\", \"4.7\": \"#297E22\", \"4.8\": \"#1C7524\", \"4.9\": \"#106C27\", \"5.0\": \"#0D6629\"}","show_subscription":"false","show_vid_trailer":"true","smart_cache_backup_size":"50","smart_cache_size":"600","smartdownload":"{\"is_smartdownload_enabled\":false,\"smartdownload_maxcount\":2}","smartlook_enabled":"false","snap_items_in_feed_recyclerview":"true","splash_video_feature_enabled":"false","star_rj":"{   \"star_rj_image\": \"http:\/\/djhonz7dexnot.cloudfront.net\/graphics\/new_year_contest_rules.png\",   \"star_rj_title\": \"Check Your Balance\",   \"star_rj_rules_image\": \"http:\/\/djhonz7dexnot.cloudfront.net\/graphics\/wallet_rules_7.png\",   \"is_star_rj_referral_enabled\": true,   \"is_wallet_enabled\": true,   \"redeem_wallet_text\": \"रिडीम\",   \"wallet_redemption_rule1\": \"200 रुपये की मिनिमम राशि रिडीम की जा सकती है\",   \"wallet_redemption_rule2\": \"रिडीम होने के 2 दिन में आपके पेटम अकाउंट में ट्रांसफर हो जाएगा\",   \"star_rj_bano_text\": \"निचे दिये Referral Link से दोस्तों को Invite करके हर हफ्ते ₹1000 तक जीते! \",   \"min_amount_redeem\": 200,   \"batua_text\": \"Wallet\",   \"star_rj_rules_image_1\": \"http:\/\/djhonz7dexnot.cloudfront.net\/graphics\/wallet_rules_5.png\",   \"rules_image_scale\": 2 }","story_winner_stamp":"http:\/\/djhonz7dexnot.cloudfront.net\/graphics\/story_winner_stamp.png","supported_lang":"[\"Hindi\",\"Bengali\",\"Tamil\"]","supported_lang_v2":"[{ \"title\": \"hindi\", \"img\": \"http:\/\/djhonz7dexnot.cloudfront.net\/hindi_content_language.webp\" }, { \"title\": \"tamil\", \"img\": \"http:\/\/djhonz7dexnot.cloudfront.net\/tamil_content_language.webp\" }, { \"title\": \"bengali\", \"img\": \"http:\/\/djhonz7dexnot.cloudfront.net\/bengali_content_language.webp\" }]","supported_lang_v2_ios":"[{\"title\": \"hindi\", \"img\": \"http:\/\/djhonz7dexnot.cloudfront.net\/hindi_content_language.webp\"   },   {     \"title\": \"tamil\",     \"img\": \"http:\/\/djhonz7dexnot.cloudfront.net\/tamil_content_language.webp\"   },  {     \"title\": \"english\",     \"img\": \"http:\/\/djhonz7dexnot.cloudfront.net\/bengali_content_language.webp\"   } ]","sync_bulk_batch_size":"100","sync_playtime_upper_limit_in_seconds":"1000","sync_threshold_size":"500","tags":"[   {     \"topic_id\": \"b71216c05fa0ac8f6f903af7d1600fcc69a297b8\",     \"topic_name\": \"Full Audiobooks\",     \"topic_language\": \"hindi\",     \"sub_topics\": [       {         \"topic_id\": \"03cc8d6fd5e5131d431a5ad5fb53e4ef33f55fdc\",         \"topic_name\": \"Romantic Audiobook\",         \"topic_language\": \"hindi\"       },       {         \"topic_id\": \"88b69a54a3ec56d856e68771c28670e41df24c60\",         \"topic_name\": \"History Audiobooks\",         \"topic_language\": \"hindi\"       },       {         \"topic_id\": \"d25c7aae0d732da0b5ced65cf21a194930e30087\",         \"topic_name\": \"Classic Audiobooks\",         \"topic_language\": \"hindi\"       },       {         \"topic_id\": \"c1cc75fe336447e14cda3240d7185d1287f7ec87\",         \"topic_name\": \"Crime Audiobooks\",         \"topic_language\": \"hindi\"       },       {         \"topic_id\": \"816df7aee78e740230d61784aedb59e04dd8befb\",         \"topic_name\": \"Horror Audiobooks\",         \"topic_language\": \"hindi\"       },       {         \"topic_id\": \"f555da24c258407907be1bd4444539d329c57bfb\",         \"topic_name\": \"Suspense and Thriller Audiobooks\",         \"topic_language\": \"hindi\"       },       {         \"topic_id\": \"5ca60fdd052b84bacb9d46f25b9bc7cea27d3d2d\",         \"topic_name\": \"Religion and Spirituality Audiobooks\",         \"topic_language\": \"hindi\"       },       {         \"topic_id\": \"6b42e22a2aa3caba8bf02a00aee10c77330bbafd\",         \"topic_name\": \"Biography Audiobooks\",         \"topic_language\": \"hindi\"       },       {         \"topic_id\": \"5dd19752b53c9479184feac78d81f1cbfc70c8b9\",         \"topic_name\": \"Self-Help Audiobooks\",         \"topic_language\": \"hindi\"       },       {         \"topic_id\": \"918e8f1a96540737c550918023f02fcdbddf296d\",         \"topic_name\": \"Stories\",         \"topic_language\": \"hindi\"       },       {         \"topic_id\": \"e8441a420b208bc33f26b6c1a81c827e7c0fb558\",         \"topic_name\": \"Fantasy Audiobooks\",         \"topic_language\": \"hindi\"       },       {         \"topic_id\": \"3c5f0c0030308eb17a3284ac2e4b5b58add279d0\",         \"topic_name\": \"Religion and Spirituality Summary\",         \"topic_language\": \"hindi\"       },       {         \"topic_id\": \"79e3fb1e57a3bd4a00696587d4fed35fff5d3ac5\",         \"topic_name\": \"Mythological Thriller Audiobooks\",         \"topic_language\": \"hindi\"       },       {         \"topic_id\": \"75c9af455782aeb3a4efa16ca7fc8e8fbf71ff7e\",         \"topic_name\": \"Health Audiobooks\",         \"topic_language\": \"hindi\"       }     ]   },   {     \"topic_id\": \"5479f4016a772915e68486d36779d400e775fa0e\",     \"topic_name\": \"DJ गाना\",     \"topic_language\": \"hindi\"   },   {     \"topic_id\": \"234e590d77cdab7f54bc7411bf0b77e826facdf4\",     \"topic_name\": \"Audio-Series\",     \"topic_language\": \"hindi\",     \"sub_topics\": [       {         \"topic_id\": \"543da31769d507f225837e88f07289d87b3cdb3d\",         \"topic_name\": \"Romantic Audio-Series\",         \"topic_language\": \"hindi\"       },       {         \"topic_id\": \"66c31aa195de73f7a0be5fe9a0b641387caecde4\",         \"topic_name\": \"Horror Audio-Series\",         \"topic_language\": \"hindi\"       },       {         \"topic_id\": \"f1ba9800b7437863a73946c158d3fda9d667eb49\",         \"topic_name\": \"Suspense and Thriller Audio Series\",         \"topic_language\": \"hindi\"       }     ]   },   {     \"topic_id\": \"349176de48be18e8393aab288ce8564721c6f578\",     \"topic_name\": \"முழு ஒலி புத்தகங்கள்\",     \"topic_language\": \"tamil\",     \"sub_topics\": [       {         \"topic_id\": \"607a45e5f8f8fd8b24fa83d303f5be20d9d20ce4\",         \"topic_name\": \"உன்னதமான ஒலி புத்தகங்கள்\",         \"topic_language\": \"tamil\"       },       {         \"topic_id\": \"0cc79bb7a00f05ac9abeff29c854a3e0599decf1\",         \"topic_name\": \"காதல் ஒலி புத்தகங்கள்\",         \"topic_language\": \"tamil\"       },       {         \"topic_id\": \"7a266ccd0fa8431394baaf67e2b1294452ee346e\",         \"topic_name\": \"இரகசியமான மற்றும் மர்மம் ஒலி புத்தகங்கள்\",         \"topic_language\": \"tamil\"       },       {         \"topic_id\": \"73d4f1737195c4316050cf770a711ee40c17df80\",         \"topic_name\": \"திகில் ஒலி புத்தகங்கள்\",         \"topic_language\": \"tamil\"       },       {         \"topic_id\": \"de2c49ad14365703717b69eceee0bb3a8482841c\",         \"topic_name\": \"வரலாற்று ஒலி புத்தகங்கள்\",         \"topic_language\": \"tamil\"       }     ]   },   {     \"topic_id\": \"bf33ba42ff7cc10c56079fcf78f00016bee0152d\",     \"topic_name\": \"সম্পূর্ণ অডিওবুক\",     \"topic_language\": \"bengali\",     \"sub_topics\": [       {         \"topic_id\": \"e56589021be281115e3527395f9e0d5edc1cfea4\",         \"topic_name\": \"রোমান্টিক অডিওবুক\",         \"topic_language\": \"bengali\"       },       {         \"topic_id\": \"8231ca45371510c69faaa6354279e8eb0a717f43\",         \"topic_name\": \"ভৌতিক অডিওবুক\",         \"topic_language\": \"bengali\"       },       {         \"topic_id\": \"29d2904bb27740349fb1cc0fd3ecdd3bcb4f1a0e\",         \"topic_name\": \"সাসপেন্স ও থ্রিলার অডিওবুক\",         \"topic_language\": \"bengali\"       },       {         \"topic_id\": \"06a22a2269c39cbddeacb2798f4d22abf9a175b2\",         \"topic_name\": \"ক্লাসিক  অডিওবুক\",         \"topic_language\": \"bengali\"       },       {         \"topic_id\": \"b519c6cc00903ac3257f83389692607a6f75025b\",         \"topic_name\": \"সামাজিক  অডিওবুক\",         \"topic_language\": \"bengali\"       },       {         \"topic_id\": \"6633eb73b34c8ef8d81849cc0c050295ed31ecd5\",         \"topic_name\": \"রূপকথার অডিওবুক\",         \"topic_language\": \"bengali\"       },       {         \"topic_id\": \"e37e11d5f24d698839945ef5cc16925147cf56e8\",         \"topic_name\": \" স্ব-বিকাশ অডিওবুক\",         \"topic_language\": \"bengali\"       },       {         \"topic_id\": \"b03d2687cfba04e17a18a78f4a78346b2b1ef4c7\",         \"topic_name\": \"অ্যাডভেঞ্চার অডিওবুক\",         \"topic_language\": \"bengali\"       }     ]   },   {     \"topic_id\": \"9191c5b56a9b47b1563459501c55dcf16f6af34e\",     \"topic_name\": \"AudioBook Summary\",     \"topic_language\": \"hindi\",     \"sub_topics\": [       {         \"topic_id\": \"bce8b8e47a2e5904ae18d9361732c551352e1205\",         \"topic_name\": \"Time Management Summary\",         \"topic_language\": \"hindi\"       },       {         \"topic_id\": \"7f19161aff32eebcbee84f19f94ec52a768f385b\",         \"topic_name\": \"Business Summary\",         \"topic_language\": \"hindi\"       },       {         \"topic_id\": \"bf1f8776e501ca59be0a0089eb4342757d1ea648\",         \"topic_name\": \"Communication Summary\",         \"topic_language\": \"hindi\"       },       {         \"topic_id\": \"d75ac474f1f956e8b83f5cca0abcccd88ccd269a\",         \"topic_name\": \"Happiness Summary\",         \"topic_language\": \"hindi\"       },       {         \"topic_id\": \"391101c09c0fe6b790218f2482e4c09058edef46\",         \"topic_name\": \"Health Summary\",         \"topic_language\": \"hindi\"       },       {         \"topic_id\": \"2defa024846488f9c22667c50dd096c19220de6f\",         \"topic_name\": \"History Summary\",         \"topic_language\": \"hindi\"       },       {         \"topic_id\": \"05f14685a772c6b959c035f02eb5cb7920007c9b\",         \"topic_name\": \"Biography Summary\",         \"topic_language\": \"hindi\"       },       {         \"topic_id\": \"bf39829e09385c810133f7ece15e6c728b91df5e\",         \"topic_name\": \"Motivational Summary\",         \"topic_language\": \"hindi\"       },       {         \"topic_id\": \"d476ac6e097f2d8687c622001ff14231a60a8fc8\",         \"topic_name\": \"Self Help Summary\",         \"topic_language\": \"hindi\"       },       {         \"topic_id\": \"1cbb3bdd0ca504332ae660104358b3bf48c24762\",         \"topic_name\": \"Parenting Summary\",         \"topic_language\": \"hindi\"       },       {         \"topic_id\": \"33532399b8d73f6682a6eecdb70bbc225f74f9e3\",         \"topic_name\": \"Educational Summary\",         \"topic_language\": \"hindi\"       },       {         \"topic_id\": \"58c04188812dee611fb33c1e747b4fba073f1902\",         \"topic_name\": \"Romantic Summary\",         \"topic_language\": \"hindi\"       },       {         \"topic_id\": \"3c5f0c0030308eb17a3284ac2e4b5b58add279d0\",         \"topic_name\": \"Religion and Spirituality Summary\",         \"topic_language\": \"hindi\"       },       {         \"topic_id\": \"7001c872e1409c838ac0943d66016c6a871de5e2\",         \"topic_name\": \"Stock and Investment Summary\",         \"topic_language\": \"hindi\"       },       {         \"topic_id\": \"eba1ff443af8c0eec970cb039b0f6ac8b33ed9a8\",         \"topic_name\": \"Career and Success Summary\",         \"topic_language\": \"hindi\"       },       {         \"topic_id\": \"d421d31cf8fb2e10b4d31551b42691ec493c9f9f\",         \"topic_name\": \"Management and Leadership Summary\",         \"topic_language\": \"hindi\"       },       {         \"topic_id\": \"70155164e7c62ef7eb7de45fdc65f5520b14382b\",         \"topic_name\": \"Corporate Culture Summary\",         \"topic_language\": \"hindi\"       },       {         \"topic_id\": \"cc52602f8a26c89b4ed0f40f0271bef0e6521da6\",         \"topic_name\": \"Creativity Summary\",         \"topic_language\": \"hindi\"       },       {         \"topic_id\": \"e45f29642f3a39995209fb25572f2d1e51e46356\",         \"topic_name\": \"Economics Summary\",         \"topic_language\": \"hindi\"       },       {         \"topic_id\": \"ef5a9e0d149fcc3b3a1b6a985ba77bdabebab365\",         \"topic_name\": \"Nature and Environment Summary\",         \"topic_language\": \"hindi\"       },       {         \"topic_id\": \"63c7cdacf4bbe042bd93ceec253a46171a273171\",         \"topic_name\": \"Politics Summary\",         \"topic_language\": \"hindi\"       },       {         \"topic_id\": \"d0c0c1ca2df0d6fe8d57010f79676dc75c057d92\",         \"topic_name\": \"Science Summary\",         \"topic_language\": \"hindi\"       },       {         \"topic_id\": \"a296759d97063ac20a40b917a87eaf45920e081d\",         \"topic_name\": \"Technology Summary\",         \"topic_language\": \"hindi\"       },       {         \"topic_id\": \"5f784a218b9891ec05e91108791502b5fd9dd6e5\",         \"topic_name\": \"Society and Culture Summary\",         \"topic_language\": \"hindi\"       }     ]   },   {     \"topic_id\": \"64577b64450f5df0686a20e2a3af6264c124cbc9\",     \"topic_name\": \"Motivational\",     \"topic_language\": \"hindi\"   },   {     \"topic_id\": \"9ff321ba35faae0bb093d4e308e270e901266078\",     \"topic_name\": \"Emotional Life\",     \"topic_language\": \"hindi\",     \"sub_topics\": [       {         \"topic_id\": \"cd0e100ba879341e4bc5d6993a903bd9bc5eb783\",         \"topic_name\": \"Ishq Mohabbat\",         \"topic_language\": \"hindi\"       },       {         \"topic_id\": \"78a5814a324cf0bd7edb24112f5a7c926f669815\",         \"topic_name\": \"बेवफा शायरी\",         \"topic_language\": \"hindi\"       }     ]   },   {     \"topic_id\": \"e41cab7efecb6a9474f2a234e9b6edce4a4d21df\",     \"topic_name\": \"Bhakti\",     \"topic_language\": \"hindi\"   },   {     \"topic_id\": \"007847f924da5732f2a8fb517530d1013598dcce\",     \"topic_name\": \"Educational\",     \"topic_language\": \"hindi\"   } ]","temporary_test_key_will_delete_later_is_ios_app_maintenance_enabled":"true","threshold_minutes_for_level_achieved":"10","topic_feeds":"[{\"title\":\"For You\",\"api_type\":\"explore_v2\"},{\"title\":\"VIP\",\"api_type\":\"feed-pd\"},{\"title\":\"Audiobooks\",\"api_type\":\"feed-fullaudio\"},{\"title\":\"Self-help Books\",\"api_type\":\"feed-audiobooks\"},{\"title\":\"Podcasts\",\"api_type\":\"feed-podcast\"}]","topic_selection_enabled":"false","track_page_performance":"true","trim_enable":"false","uac_campaign_enabled":"false","ugc_signup_login":"{\"linkText\":[{\"type\":\"text\",\"text\":\"By signing up or logging in, you accept the \"},{\"type\":\"link\",\"text\":\"Terms of Use\",\"link\":\"https:\/\/www.pocketfm.com\/terms-and-conditions\"},{\"type\":\"text\",\"text\":\" and \"},{\"type\":\"link\",\"text\":\"Privacy Policy\",\"link\":\"https:\/\/www.pocketfm.com\/privacy-policy\"}]}","upload_scheduling_enabled":"true","upload_screen_contest_id":"","use_firebase_login":"false","uxcam_country_config":"[\"AR\", \"CL\", \"CO\", \"ES\"]","uxcam_stats_enabled_ios":"false","uxcam_whitelisted_deviceIds_ios":"3E81A7E5-3E1F-4BB9-9E33-700EDB669F2B,8645CA00-362F-4A44-BCDD-8C389D4DD606,3748914A-A3AE-4197-8AB0-626C471E3C45","v203_batch_size":"2","vertical_feed":"true","voice_dub_direct_upload":"false","web_landing_page":"false","whatsapp_no":"+91-8329407172"},"fetch_time_key":1761846809421,"abt_experiments_key":[],"personalization_metadata_key":{},"template_version_number_key":42,"rollout_metadata_key":[]}