{"Fid":"eWIthaHyTtO3VcTvnz2c3O","Status":3,"AuthToken":"eyJhbGciOiJFUzI1NiIsInR5cCI6IkpXVCJ9.eyJhcHBJZCI6IjE6NzA4NjExMzg5NzEyOmFuZHJvaWQ6YjU1YjMzMjgxMDcyZWYwZmVkNGQ5NSIsImV4cCI6MTc2MjE3MzM0NSwiZmlkIjoiZVdJdGhhSHlUdE8zVmNUdm56MmMzTyIsInByb2plY3ROdW1iZXIiOjcwODYxMTM4OTcxMn0.AB2LPV8wRQIgK_Y_bYw2-y9AGFx275WzGDWzmpSke-CKBeIn-sZelkICIQCcIv3GkqP_-L_Vf25NVJTy-ibXHsWNz4-Fb13UHv8UZg","RefreshToken":"3_AS3qfwKleL6ndt5_5QgeznNIv4DCTNGEsuBQLMEGTfVs2fWFWbCtNw2WZBbxqt8SfAlZ3Psw--qOCcRG29Hdg-WHfZ-_jWUjVOUrf8Zr4O1JDxY","TokenCreationEpochInSecs":1761568545,"ExpiresInSecs":604800}